-- phpMyAdmin SQL Dump
-- version 3.5.2.2
-- http://www.phpmyadmin.net
--
-- Servidor: 127.0.0.1
-- Tiempo de generación: 20-05-2014 a las 21:03:39
-- Versión del servidor: 5.5.27
-- Versión de PHP: 5.4.7

SET SQL_MODE="NO_AUTO_VALUE_ON_ZERO";
SET time_zone = "+00:00";


/*!40101 SET @OLD_CHARACTER_SET_CLIENT=@@CHARACTER_SET_CLIENT */;
/*!40101 SET @OLD_CHARACTER_SET_RESULTS=@@CHARACTER_SET_RESULTS */;
/*!40101 SET @OLD_COLLATION_CONNECTION=@@COLLATION_CONNECTION */;
/*!40101 SET NAMES utf8 */;

--
-- Base de datos: `chadb`
--

-- --------------------------------------------------------

--
-- Estructura de tabla para la tabla `post`
--

CREATE TABLE IF NOT EXISTS `post` (
  `id` int(11) NOT NULL AUTO_INCREMENT,
  `content` text COLLATE utf8_bin NOT NULL,
  `userid` int(11) NOT NULL,
  `img` varchar(300) COLLATE utf8_bin NOT NULL,
  `likes` int(11) NOT NULL,
  `fucks` int(11) NOT NULL,
  PRIMARY KEY (`id`)
) ENGINE=InnoDB  DEFAULT CHARSET=utf8 COLLATE=utf8_bin AUTO_INCREMENT=167 ;

--
-- Volcado de datos para la tabla `post`
--

INSERT INTO `post` (`id`, `content`, `userid`, `img`, `likes`, `fucks`) VALUES
(1, 0x4920616d206a7573742073616420746861742061206c6f74206f662070656f706c652070726f6261626c7920776f756c646e27742067657420746865206a6f6b652c206966207468657265206973206120676f6f642067757920686572652c20706c656173652073656e6420746865206c696e6b206f662074686520706f73742061626f7574206f62616d612074686520616e7463687269737420736f20746861742070656f706c652077696c6c206b6e6f770d0a, 1, '', 5, 3),
(2, 0x49206665656c206c696b652049276d20746865206f6e6c7920706572736f6e206f6e20746865206675636b696e67207365727665722077686f2069732063617061626c65206f6620666c79696e6720612068656c69636f70746572, 2, '', 60, 2),
(3, 0x492068617665203135207374617273206f6e206d792061747461636b2063686f7070657220616e6420696d20612076657279206f626a656374697665206f7269656e74656420706c617965722c2069206861746520746f207365652070656f706c652077686f206a756d7020696e2076656869636c657320746f206162616e646f6e206974207768656e20746865792067657420746f2074686520616374696f6e2d5f2d, 2, '', 509, 34),
(4, 0x466c79206c6f776572206f72206d6f7265206f6e2074686520736964652e20496620796f752061726520696e20746865206d6964646c6520696620636f757273652065766572796f6e6520697320676f696e6720746f2073656520796f752e20596f752061726520612068656c69206e6f74206120666c79696e672074616e6b20736f20796f752063616e206765742073686f7420646f776e20666169726c7920656173696c79, 1, '', 0, 42),
(5, 0x492062657420313030206275636b73207468617420796f752063616e6e6f742063757420796f75722068656164206f666620616e642077616c6b20666f7220313030206d7473, 1, '', 0, 0),
(31, 0x5761616e616e61206265206120726f636b207374617221, 1, '', 5, 4),
(36, 0x22596f75c3a2e282ace284a2726520616e20696e73616e652c20646567656e6572617465207069656365206f662066696c74682c20616e6420796f75206465736572766520746f206469652e22, 1, 'http://universediscourse.files.wordpress.com/2013/07/bb2.jpg?w=640&h=360', 0, 0),
(38, 0x2d536179206d79206e616d652c207361792069742e2e2e200a2d48656973656e626572670a2d476f6f64, 1, 'https://encrypted-tbn2.gstatic.com/images?q=tbn:ANd9GcSNZ51PDmnPePlN_ZctrOp-Na-vuep-n1CsPnST7udRGUuFo5bD', 1, 0),
(40, 0x44656d616e64206120747269616c20627920636f6d62617420696e20796f757220636c617373, 1, 'http://img.pandawhale.com/post-43409-Tyrion-I-demand-a-trial-by-com-7zhA.gif', 2, 1),
(63, 0x492077696c6c2072756c652074686520776f726c64, 1, '', 0, 0),
(64, 0x4f6868206e61616e61, 1, 'http://gamentrain.com/wp-content/uploads/2013/04/rain_blackmill.png', 0, 0),
(71, 0x4461667470756e6b, 1, 'http://www.billboard.com/files/styles/promo_650/public/media/daft-punk-tron-650-430.jpg', 1, 1),
(133, 0x576520617265207368696e696e672c20736179206d79206e616d6521, 1, 'http://static.guim.co.uk/sys-images/guardian/Pix/pictures/2011/10/25/1319533374187/Florence-And-The-Machine-005.jpg', 11, 45),
(152, 0x5368652069732061207665727920676f6f642073696e6765722c2069206c6f766520686572, 2, 'http://static.guim.co.uk/sys-images/Guardian/Pix/pictures/2010/1/24/1264355915735/florence-and-the-machine--001.jpg', 9, 11),
(155, 0x4c6f6f6b20617420746869732073747570696420646f67, 2, 'http://cdn.buzznet.com/assets/users16/eavie/default/stupid-dog--large-msg-134404025925.jpg?post_id=106350520', 46, 39),
(166, 0x49206c696b65207468652077617920796f75206c6965, 2, '', 2, 0);

-- --------------------------------------------------------

--
-- Estructura de tabla para la tabla `replay`
--

CREATE TABLE IF NOT EXISTS `replay` (
  `id` int(11) NOT NULL AUTO_INCREMENT,
  `content` text COLLATE utf8_bin NOT NULL,
  `postid` int(11) NOT NULL,
  `userid` int(11) NOT NULL,
  `img` varchar(300) COLLATE utf8_bin NOT NULL,
  `likes` int(11) NOT NULL,
  `fucks` int(11) NOT NULL,
  PRIMARY KEY (`id`)
) ENGINE=InnoDB  DEFAULT CHARSET=utf8 COLLATE=utf8_bin AUTO_INCREMENT=121 ;

--
-- Volcado de datos para la tabla `replay`
--

INSERT INTO `replay` (`id`, `content`, `postid`, `userid`, `img`, `likes`, `fucks`) VALUES
(1, 0x49206861766520616e206578747261206c6172676520636f7720696e206d79206761726167652c2077696c6c2074727920776974682069742c20796f756c6c20736565206269746368, 5, 2, '', 3, 9),
(2, 0x6861686168616861207768617420746f207365207468617421, 5, 1, '', 5, 2),
(3, 0x5961206c6f73736572727221, 5, 1, '', 0, 0),
(4, 0x54686520796f7520676f7420746f206c6f76652072616d626f2c206865206c6f766573206a756d70696e672066726f6d2063686f70706572732c20626974636865732061726520676f6e6e612068617465, 3, 1, '', 0, 0),
(5, 0x486f6c6120736f792070617061, 5, 1, '', 0, 0),
(6, 0x486f61736b646a6c7366, 31, 1, '', 2, 0),
(7, 0x57686179747473647364, 31, 1, '', 0, 0),
(8, 0x446f6e7420626520612062697463682064756465, 31, 1, '', 0, 0),
(9, 0x466c792062697463682c206c696b652074686520666c7920796f752061726521, 4, 1, '', 0, 0),
(10, 0x486f772061726520796f753f, 4, 1, '', 0, 0),
(11, 0x5768617420646f2069206d65616e3f204269746368, 4, 1, '', 0, 0),
(12, 0x49207374696c6c20646f6e742067657420746865206a6f6b652c2061726520796f752072657461726465643f, 1, 1, '', 0, 0),
(13, 0x4675636b2065766572796f6e65, 3, 1, '', 0, 0),
(14, 0x44756d6220617373, 2, 1, '', 0, 1),
(15, 0x49206769766520796f75206d792068617420706570706572, 2, 1, '', 1, 0),
(16, 0x546861722064776172662069662061206675636b696e67206261646161732c206765617420657069736f646521, 40, 1, '', 1, 0),
(17, 0x59756c6c20736565, 40, 1, 'http://images5.fanpop.com/image/photos/30800000/got-game-of-thrones-30822822-500-281.gif', 0, 1),
(18, 0x746865726520796f7520676f, 40, 1, 'http://ih0.redbubble.net/image.12444050.7751/flat,550x550,075,f.jpg', 0, 0),
(19, 0x54686174c382c2b47320676f6f6c20, 38, 1, '', 0, 0),
(20, 0x596f20676f74206974, 38, 1, 'http://memexico.com/wp-content/uploads/2012/05/AsqAqVYCQAAQ8gV.png', 0, 0),
(21, 0x626164617373, 36, 1, 'http://i3.kym-cdn.com/photos/images/original/000/217/594/FIHci.jpg', 0, 1),
(22, 0x6c6f6c, 36, 1, 'http://www.quickmeme.com/img/4f/4feed5501c3c531b8f36407ecc5e8309c05a35d2d041eadcdf85dbf539b95791.jpg', 0, 0),
(23, 0x676f61736a6173646c61736c64, 40, 1, '', 0, 0),
(24, 0x746869732069732061207265706c6179, 40, 1, '', 0, 0),
(25, 0x6e6577207265706c7920746869732074696d6520796573, 40, 1, '', 0, 0),
(26, 0x476f7420746869732072706c79206f6b, 40, 1, '', 0, 0),
(27, 0x596f75206d757374206265207363617265642061732073686974, 40, 1, '', 0, 0),
(28, 0x446f206e6f74206361726520666f72206974, 46, 1, '', 0, 0),
(29, 0x492064656d616e6420616e20616e737765723a204c696b652069743f, 38, 1, 'http://www.nofrackingway.us/wp-content/uploads/2012/11/poop.jpg', 0, 0),
(30, 0x506572612070657261, 72, 1, '', 0, 0),
(31, 0x6a616a61616a616a616a616a2063747a206c6f6c, 99, 1, '', 0, 0),
(32, 0x486f6c61, 99, 1, '', 0, 0),
(33, 0x5468617473206772656174, 71, 1, '', 2, 0),
(34, 0x44756465207468617473206e696365, 118, 1, '', 0, 0),
(35, 0x436f6f6c2064756465, 71, 1, '', 1, 0),
(36, 0x4675636b206974, 71, 1, '', 0, 0),
(37, 0x6e696365, 122, 1, '', 0, 0),
(38, 0x6f6c6c73, 71, 1, '', 0, 0),
(39, 0x536865206973206120626561757479, 133, 1, '', 3, 2),
(40, 0x44616d6e2074727565, 133, 1, '', 2, 0),
(41, 0x46756665, 133, 1, '', 0, 0),
(42, 0x446f6e65, 133, 1, '', 0, 0),
(43, 0x677265617420692073617921, 133, 1, '', 0, 0),
(44, 0x466f666f666f666f666f666f666f666f666f66, 133, 1, '', 1, 0),
(45, 0x466f73696173647361, 134, 1, '', 0, 0),
(46, 0x6b6c616a646c736164, 136, 1, '', 0, 1),
(47, 0x676f676f676f67, 137, 1, '', 0, 0),
(48, 0x6cc383c2b17a6b64786cc383c2b1736b64c383c2b16c73, 144, 1, '', 0, 1),
(49, 0x687968796879, 145, 1, '', 0, 1),
(50, 0x6cc383c2b161736b64c383c2b16c7364, 145, 1, '', 1, 0),
(51, 0x676f6c656d6d6d, 149, 1, '', 1, 0),
(52, 0x636f6e74726172792c206920676f74207961, 150, 1, '', 0, 0),
(53, 0x676f6c6d65, 151, 1, '', 0, 1),
(54, 0x48657920746861747320676c6f6f6d79, 133, 1, '', 0, 0),
(55, 0x676c6f6d6d79206d7920617373, 133, 1, '', 0, 0),
(56, 0x6c6b6173c383c2b1646c73, 133, 2, '', 1, 0),
(57, 0x496d20626163636b20617420686f6d652062697463686573, 71, 2, '', 1, 0),
(58, 0x476f742074686973206f6e65, 133, 2, '', 1, 0),
(59, 0x54686973206973207665727920636f6f6c206d656e, 152, 2, '', 1, 1),
(60, 0x7965616821, 152, 2, '', 0, 1),
(61, 0x6cc383c2b16c6b787a78, 154, 1, '', 1, 0),
(62, 0x49206c6f766520697421, 155, 1, '', 1, 0),
(63, 0x42616461737320646f672c206d79206c6567656e64, 155, 1, '', 0, 0),
(64, 0x476f6f64206c75636b206d656e, 155, 1, '', 0, 0),
(65, 0x48756861, 155, 1, '', 0, 0),
(66, 0x5375636b206974, 155, 1, '', 0, 0),
(67, 0x5375636b206974, 155, 1, '', 0, 0),
(68, 0x4c6f6f6b206174206d6521, 155, 1, '', 0, 0),
(69, 0x6865686568656865, 155, 1, '', 0, 0),
(70, 0x6865686568656865, 155, 1, '', 0, 0),
(71, 0x6865686568656865, 155, 1, '', 0, 0),
(72, 0x6865686568656865, 155, 1, '', 0, 0),
(73, 0x6865686568656865, 155, 1, '', 0, 0),
(74, 0x6865686568656865, 155, 1, '', 0, 0),
(75, 0x6865686568656865, 155, 1, '', 0, 0),
(76, 0x6a696a696a69, 155, 1, '', 0, 0),
(77, 0x6a756a756a75, 155, 1, '', 0, 0),
(78, 0x6a756a756a75, 155, 1, '', 0, 0),
(79, 0x6c6f6c6f, 155, 1, '', 0, 0),
(80, 0x476f72666f6e61, 152, 1, '', 1, 0),
(81, 0x46696669, 152, 1, '', 0, 0),
(82, 0x486f6c61, 155, 1, '', 0, 0),
(83, 0x486f6c61, 155, 1, '', 0, 0),
(84, 0x486f6c61, 155, 1, '', 0, 0),
(85, 0x486f6c61, 155, 1, '', 0, 0),
(86, 0x486f6c61, 155, 1, '', 0, 0),
(87, 0x486f6c61, 155, 1, '', 0, 0),
(88, 0x486f6c61617364, 155, 1, '', 0, 0),
(89, 0x486f6c61617364, 155, 1, '', 0, 0),
(90, 0x6c6bc383c2b16c6b646c736b64c383c2b173, 155, 1, '', 0, 0),
(91, 0x612077696c64207265706c79, 156, 1, '', 2, 1),
(92, 0x7bc383c2b1787a0a, 156, 1, '', 0, 0),
(93, 0x6c6b786c73616b6473c383c2b1736cc383c2b16c, 156, 1, '', 1, 1),
(94, 0x75736572206964, 156, 2, '', 1, 0),
(95, 0x687961, 156, 2, '', 1, 0),
(96, 0x6c6b6cc383c2b16bc383c2b16c, 158, 2, '', 1, 0),
(97, 0x6cc383c2b16cc383c2b1, 155, 2, '', 0, 0),
(98, 0x6cc383c2b16cc383c2b1, 155, 2, '', 0, 0),
(99, 0x6c6b6c646b736c, 155, 2, '', 0, 0),
(100, 0x6c6b6c646b736c, 155, 2, '', 0, 0),
(101, 0x6c6b6c646b736c, 155, 2, '', 0, 0),
(102, 0x6c6b6c646b736c, 155, 2, '', 0, 0),
(103, 0x6c6b6c6b6c6bc383c2b1, 155, 2, '', 0, 0),
(104, 0x6c6b6c6b6c6bc383c2b1, 155, 2, '', 0, 0),
(105, 0x6c6b6c6b6c6bc383c2b1, 155, 2, '', 0, 0),
(106, 0x6c6b6c6b6c6bc383c2b1, 155, 2, '', 0, 0),
(107, 0x6c6b6c6b6c6bc383c2b1, 155, 2, '', 0, 0),
(108, 0x6c6b6c6b6c6bc383c2b1, 155, 2, '', 0, 0),
(109, 0x616cc383c2b16b736c73616473, 159, 2, '', 1, 0),
(110, 0xc383c2b16c6b6173646c73, 161, 2, '', 1, 0),
(111, 0x6a756a75, 162, 2, '', 1, 0),
(112, 0x48756c61, 155, 2, '', 0, 0),
(113, 0x48756c61, 155, 2, '', 0, 0),
(114, 0xc383c2b16cc383c2b16cc383c2b17361, 155, 2, '', 0, 0),
(115, 0xc383c2b16cc383c2b16cc383c2b17361, 155, 2, '', 0, 0),
(116, 0x6c2c6d2e2c6d2c, 165, 2, '', 0, 0),
(117, 0x2e2c6d2c2e, 155, 2, '', 0, 0),
(118, 0x2e2c6d2c2e, 155, 2, '', 0, 0),
(119, 0x467566756661, 155, 2, '', 0, 1),
(120, 0x4a75737461762047756e67, 166, 2, '', 1, 0);

-- --------------------------------------------------------

--
-- Estructura de tabla para la tabla `tag`
--

CREATE TABLE IF NOT EXISTS `tag` (
  `id` int(11) NOT NULL AUTO_INCREMENT,
  `tag` varchar(100) COLLATE utf8_bin NOT NULL,
  `post_id` int(11) NOT NULL,
  PRIMARY KEY (`id`)
) ENGINE=InnoDB  DEFAULT CHARSET=utf8 COLLATE=utf8_bin AUTO_INCREMENT=110 ;

--
-- Volcado de datos para la tabla `tag`
--

INSERT INTO `tag` (`id`, `tag`, `post_id`) VALUES
(1, 'got', 40),
(2, 'dwarf', 40),
(3, 'got', 3),
(4, 'got', 5),
(5, 'tyronrules', 40),
(6, 'ifyouknowhatimean', 40),
(35, 'conquertheworld', 63),
(36, 'complot', 63),
(37, 'song', 64),
(38, 'blackmill', 64),
(39, 'nana', 64),
(40, 'owa', 65),
(41, 'whatsyourname', 65),
(42, 'bitches', 65),
(43, 'yolo', 66),
(44, 'yala', 66),
(45, 'yale', 66),
(47, 'music', 68),
(48, 'trythis', 68),
(49, 'lol', 68),
(50, 'music', 69),
(51, 'dp', 69),
(53, 'image', 71),
(54, 'music', 71),
(55, 'daftpunk', 71),
(56, 'wut', 72),
(57, 'lol', 72),
(58, 'animal', 73),
(59, 'africa', 73),
(60, 'yolo', 73),
(61, 'plds', 74),
(62, 'isdksmk', 74),
(63, 'jojojo', 76),
(64, 'jijiji', 76),
(65, 'animal', 77),
(66, 'au', 77),
(67, 'pepe', 78),
(68, 'ola', 78),
(69, 'lolo', 79),
(70, '123', 79),
(73, 'yolo', 98),
(79, 'florence', 133),
(88, 'gogog', 143),
(95, 'florence', 152),
(98, 'yolo', 155),
(99, 'dog', 155),
(100, 'stupid', 155),
(108, 'liar', 166),
(109, 'lie', 166);

-- --------------------------------------------------------

--
-- Estructura de tabla para la tabla `user`
--

CREATE TABLE IF NOT EXISTS `user` (
  `id` int(100) NOT NULL AUTO_INCREMENT,
  `nickname` varchar(50) COLLATE utf8_bin NOT NULL,
  `about` text COLLATE utf8_bin NOT NULL,
  `password` varchar(50) COLLATE utf8_bin NOT NULL,
  `avatar` varchar(100) COLLATE utf8_bin NOT NULL,
  `email` varchar(100) COLLATE utf8_bin NOT NULL,
  PRIMARY KEY (`id`)
) ENGINE=InnoDB  DEFAULT CHARSET=utf8 COLLATE=utf8_bin AUTO_INCREMENT=3 ;

--
-- Volcado de datos para la tabla `user`
--

INSERT INTO `user` (`id`, `nickname`, `about`, `password`, `avatar`, `email`) VALUES
(1, 'PussyCat', 0x4d792046756e6e7920436f6c6c656374696f6e206f662070757373696573, '123', 'images/u1.jpg', 'hhh@g.com'),
(2, 'Badaasss', 0x4a757374205069636b696e67206d79206e6f7365, '123', 'images/u2.jpg', 'ppp@g.com');

/*!40101 SET CHARACTER_SET_CLIENT=@OLD_CHARACTER_SET_CLIENT */;
/*!40101 SET CHARACTER_SET_RESULTS=@OLD_CHARACTER_SET_RESULTS */;
/*!40101 SET COLLATION_CONNECTION=@OLD_COLLATION_CONNECTION */;
