-- phpMyAdmin SQL Dump
-- version 3.5.2.2
-- http://www.phpmyadmin.net
--
-- Servidor: 127.0.0.1
-- Tiempo de generación: 18-05-2014 a las 08:00:48
-- Versión del servidor: 5.5.27
-- Versión de PHP: 5.4.7

SET SQL_MODE="NO_AUTO_VALUE_ON_ZERO";
SET time_zone = "+00:00";


/*!40101 SET @OLD_CHARACTER_SET_CLIENT=@@CHARACTER_SET_CLIENT */;
/*!40101 SET @OLD_CHARACTER_SET_RESULTS=@@CHARACTER_SET_RESULTS */;
/*!40101 SET @OLD_COLLATION_CONNECTION=@@COLLATION_CONNECTION */;
/*!40101 SET NAMES utf8 */;

--
-- Base de datos: `chadb`
--

-- --------------------------------------------------------

--
-- Estructura de tabla para la tabla `post`
--

CREATE TABLE IF NOT EXISTS `post` (
  `id` int(11) NOT NULL AUTO_INCREMENT,
  `content` text COLLATE utf8_bin NOT NULL,
  `userid` int(11) NOT NULL,
  `likes` int(11) NOT NULL,
  `fucks` int(11) NOT NULL,
  PRIMARY KEY (`id`)
) ENGINE=InnoDB  DEFAULT CHARSET=utf8 COLLATE=utf8_bin AUTO_INCREMENT=32 ;

--
-- Volcado de datos para la tabla `post`
--

INSERT INTO `post` (`id`, `content`, `userid`, `likes`, `fucks`) VALUES
(1, 0x4920616d206a7573742073616420746861742061206c6f74206f662070656f706c652070726f6261626c7920776f756c646e27742067657420746865206a6f6b652c206966207468657265206973206120676f6f642067757920686572652c20706c656173652073656e6420746865206c696e6b206f662074686520706f73742061626f7574206f62616d612074686520616e7463687269737420736f20746861742070656f706c652077696c6c206b6e6f770d0a, 1, 5, 3),
(2, 0x49206665656c206c696b652049276d20746865206f6e6c7920706572736f6e206f6e20746865206675636b696e67207365727665722077686f2069732063617061626c65206f6620666c79696e6720612068656c69636f70746572, 2, 60, 2),
(3, 0x492068617665203135207374617273206f6e206d792061747461636b2063686f7070657220616e6420696d20612076657279206f626a656374697665206f7269656e74656420706c617965722c2069206861746520746f207365652070656f706c652077686f206a756d7020696e2076656869636c657320746f206162616e646f6e206974207768656e20746865792067657420746f2074686520616374696f6e2d5f2d, 2, 509, 34),
(4, 0x466c79206c6f776572206f72206d6f7265206f6e2074686520736964652e20496620796f752061726520696e20746865206d6964646c6520696620636f757273652065766572796f6e6520697320676f696e6720746f2073656520796f752e20596f752061726520612068656c69206e6f74206120666c79696e672074616e6b20736f20796f752063616e206765742073686f7420646f776e20666169726c7920656173696c79, 1, 0, 42),
(5, 0x492062657420313030206275636b73207468617420796f752063616e6e6f742063757420796f75722068656164206f666620616e642077616c6b20666f7220313030206d7473, 1, 0, 0),
(31, 0x5761616e616e61206265206120726f636b207374617221, 1, 5, 2);

-- --------------------------------------------------------

--
-- Estructura de tabla para la tabla `replay`
--

CREATE TABLE IF NOT EXISTS `replay` (
  `id` int(11) NOT NULL AUTO_INCREMENT,
  `content` text COLLATE utf8_bin NOT NULL,
  `postid` int(11) NOT NULL,
  `userid` int(11) NOT NULL,
  `likes` int(11) NOT NULL,
  `fucks` int(11) NOT NULL,
  PRIMARY KEY (`id`)
) ENGINE=InnoDB  DEFAULT CHARSET=utf8 COLLATE=utf8_bin AUTO_INCREMENT=16 ;

--
-- Volcado de datos para la tabla `replay`
--

INSERT INTO `replay` (`id`, `content`, `postid`, `userid`, `likes`, `fucks`) VALUES
(1, 0x49206861766520616e206578747261206c6172676520636f7720696e206d79206761726167652c2077696c6c2074727920776974682069742c20796f756c6c20736565206269746368, 5, 2, 3, 9),
(2, 0x6861686168616861207768617420746f207365207468617421, 5, 1, 5, 2),
(3, 0x5961206c6f73736572727221, 5, 1, 0, 0),
(4, 0x54686520796f7520676f7420746f206c6f76652072616d626f2c206865206c6f766573206a756d70696e672066726f6d2063686f70706572732c20626974636865732061726520676f6e6e612068617465, 3, 1, 0, 0),
(5, 0x486f6c6120736f792070617061, 5, 1, 0, 0),
(6, 0x486f61736b646a6c7366, 31, 1, 1, 0),
(7, 0x57686179747473647364, 31, 1, 0, 0),
(8, 0x446f6e7420626520612062697463682064756465, 31, 1, 0, 0),
(9, 0x466c792062697463682c206c696b652074686520666c7920796f752061726521, 4, 1, 0, 0),
(10, 0x486f772061726520796f753f, 4, 1, 0, 0),
(11, 0x5768617420646f2069206d65616e3f204269746368, 4, 1, 0, 0),
(12, 0x49207374696c6c20646f6e742067657420746865206a6f6b652c2061726520796f752072657461726465643f, 1, 1, 0, 0),
(13, 0x4675636b2065766572796f6e65, 3, 1, 0, 0),
(14, 0x44756d6220617373, 2, 1, 0, 1),
(15, 0x49206769766520796f75206d792068617420706570706572, 2, 1, 1, 0);

-- --------------------------------------------------------

--
-- Estructura de tabla para la tabla `user`
--

CREATE TABLE IF NOT EXISTS `user` (
  `id` int(100) NOT NULL AUTO_INCREMENT,
  `nickname` varchar(50) COLLATE utf8_bin NOT NULL,
  `about` text COLLATE utf8_bin NOT NULL,
  `password` varchar(50) COLLATE utf8_bin NOT NULL,
  `avatar` varchar(100) COLLATE utf8_bin NOT NULL,
  `email` varchar(100) COLLATE utf8_bin NOT NULL,
  PRIMARY KEY (`id`)
) ENGINE=InnoDB  DEFAULT CHARSET=utf8 COLLATE=utf8_bin AUTO_INCREMENT=3 ;

--
-- Volcado de datos para la tabla `user`
--

INSERT INTO `user` (`id`, `nickname`, `about`, `password`, `avatar`, `email`) VALUES
(1, 'PussyCat', 0x4d792046756e6e7920436f6c6c656374696f6e206f662070757373696573, '123', 'images/u1.jpg', 'hhh@g.com'),
(2, 'Badaasss', 0x4a757374205069636b696e67206d79206e6f7365, '123', 'images/u2.jpg', 'ppp@g.com');

/*!40101 SET CHARACTER_SET_CLIENT=@OLD_CHARACTER_SET_CLIENT */;
/*!40101 SET CHARACTER_SET_RESULTS=@OLD_CHARACTER_SET_RESULTS */;
/*!40101 SET COLLATION_CONNECTION=@OLD_COLLATION_CONNECTION */;
